p0 [Pa],cbt [m],n0 [m^-3],uz0 [m/s],u0 [m/s],rp [m],Tp [K],rrmse
7256.14977276074,0.039319247376837355,1e+19,4984915.991887302,104263.12627021123,0.013598975260159962,2320900.0,0.3557826825626286
7385.323426295597,0.03949609907899403,1e+19,5047888.67850795,104263.12627021123,0.013598975260159962,2369252.0833333335,0.3548433984708833
7514.249855958398,0.039670627262215055,1e+19,5110391.391318994,104263.12627021123,0.013598975260159962,2417604.1666666665,0.35392227318164693
7642.936208636316,0.03984290795970841,1e+19,5172437.231099886,104263.12627021123,0.013598975260159962,2465956.25,0.3530186346753913
7771.389289724664,0.04001301327980237,1e+19,5234038.681294955,104263.12627021123,0.013598975260159962,2514308.3333333335,0.3521318477449838
7899.615585646224,0.040181011679907466,1e+19,5295207.648465961,104263.12627021123,0.013598975260159962,2562660.4166666665,0.35126131133738103
8027.621284490908,0.040346968216560954,1e+19,5355955.499379092,104263.12627021123,0.013598975260159962,2611012.5,0.35040645613236604
8155.412294965291,0.04051094477404755,1e+19,5416293.095063765,104263.12627021123,0.013598975260159962,2659364.5833333335,0.3495667423333046
8282.99426381799,0.04067300027378533,1e+19,5476230.822140993,104263.12627021123,0.013598975260159962,2707716.6666666665,0.34874165764792187
8410.372591888241,0.040833190866408804,1e+19,5535778.621685102,104263.12627021123,0.013598975260159962,2756068.75,0.3479307154397254
8537.552448909204,0.04099157010825806,1e+19,5594946.015853006,104263.12627021123,0.013598975260159962,2804420.8333333335,0.34713345303299414
8664.538787181595,0.04114818912378436,1e+19,5653742.132489154,104263.12627021123,0.013598975260159962,2852772.916666667,0.3463494301561951
8791.336354221681,0.04130309675521577,1e+19,5712175.727891805,104263.12627021123,0.013598975260159962,2901125.0,0.34557822751042916
8917.949704476583,0.041456339700678066,1e+19,5770255.207906486,104263.12627021123,0.013598975260159962,2949477.0833333335,0.3448194454509932
9044.383210189397,0.041607962641834716,1e+19,5827988.647494908,104263.12627021123,0.013598975260159962,2997829.166666667,0.34407270277145724
9170.641071488408,0.04175800836199675,1e+19,5885383.808912366,104263.12627021123,0.013598975260159962,3046181.25,0.34333763558079045
9296.727325767532,0.04190651785555478,1e+19,5942448.158613162,104263.12627021123,0.013598975260159962,3094533.3333333335,0.3426138962650957
9422.64585641794,0.042053530429495736,1e+19,5999188.882991589,104263.12627021123,0.013598975260159962,3142885.416666667,0.3419011525263819
9548.400400964427,0.04219908379768808,1e+19,6055612.903055237,104263.12627021123,0.013598975260159962,3191237.5,0.3411990864915802
9673.99455865651,0.04234321416855493,1e+19,6111726.888118381,104263.12627021123,0.013598975260159962,3239589.5833333335,0.3405073938857243
9799.431797557203,0.0424859563266872,1e+19,6167537.268594309,104263.12627021123,0.013598975260159962,3287941.666666667,0.33982578326379076
9924.715461170425,0.0426273437089008,1e+19,6223050.247958465,104263.12627021123,0.013598975260159962,3336293.75,0.33915397529626784
10049.848774642851,0.042767408475189776,1e+19,6278271.81394733,104263.12627021123,0.013598975260159962,3384645.8333333335,0.3384917021039839
10174.834850573388,0.04290618157498615,1e+19,6333207.749052113,104263.12627021123,0.013598975260159962,3432997.916666667,0.33783870663816
10299.676694460106,0.043043692809098345,1e+19,6387863.640360985,104263.12627021123,0.013598975260159962,3481350.0,0.33719474210203415
13129.051156791096,0.04219908379768812,1.375e+19,4404082.111312902,104263.12627021123,0.013598975260159962,2320900.0,0.3411990864915804
13366.446733991814,0.04239690333446071,1.375e+19,4460138.924678211,104263.12627021123,0.013598975260159962,2369252.0833333335,0.34025062368031117
13603.43765648233,0.04259212209365803,1.375e+19,4515781.493404644,104263.12627021123,0.013598975260159962,2417604.1666666665,0.33932102312864476
13840.035637267038,0.04278482512872887,1.375e+19,4571021.316258852,104263.12627021123,0.013598975260159962,2465956.25,0.3384095754526265
14076.251828954932,0.04297509310595981,1.375e+19,4625869.351537741,104263.12627021123,0.013598975260159962,2514308.3333333335,0.33751561054322987
14312.096860752128,0.043163002610483184,1.375e+19,4680336.052422075,104263.12627021123,0.013598975260159962,2562660.4166666665,0.33663849470839075
14547.580872364537,0.04334862642558786,1.375e+19,4734431.39939263,104263.12627021123,0.013598975260159962,2611012.5,0.3357776280713839
14782.713545122384,0.04353203378811471,1.375e+19,4788164.930003034,104263.12627021123,0.013598975260159962,2659364.5833333335,0.33493244219835916
1323.3859461147679,0.010595605793669508,1.375e+19,2383637.380379054,104263.12627021123,0.013598975260159962,2707716.6666666665,0.3321424737164171
1392.7189862136086,0.010844215922525168,1.375e+19,2432874.934136086,104263.12627021123,0.013598975260159962,2756068.75,0.32571788027633153
1462.5233180238536,0.011086983649801771,1.375e+19,2481441.1402200297,104263.12627021123,0.013598975260159962,2804420.8333333335,0.3196527065544343
1532.8086231012878,0.01132434874525121,1.375e+19,2529390.6068308083,104263.12627021123,0.013598975260159962,2852772.916666667,0.3139122044683742
1603.5811242619513,0.011556692935848356,1.375e+19,2576770.2050120574,104263.12627021123,0.013598975260159962,2901125.0,0.3084664934260049
1674.8443733630727,0.011784350471965615,1.375e+19,2623620.5289588664,104263.12627021123,0.013598975260159962,2949477.0833333335,0.30328966987084277
1746.5998451552537,0.012007616315851278,1.375e+19,2669977.021682216,104263.12627021123,0.013598975260159962,2997829.166666667,0.29835911573127544
1818.8473906194256,0.012226752577347356,1.375e+19,2715870.854871744,104263.12627021123,0.013598975260159962,3046181.25,0.29365495392995067
1891.5855868851745,0.012441993636324988,1.375e+19,2761329.625270529,104263.12627021123,0.013598975260159962,3094533.3333333335,0.28915961438903376
1964.8120099626306,0.01265355026660858,1.375e+19,2806377.9120738623,104263.12627021123,0.013598975260159962,3142885.416666667,0.28485748426785784
2038.5234491412484,0.012861612990597392,1.375e+19,2851037.7276751962,104263.12627021123,0.013598975260159962,3191237.5,0.28073462325547116
2112.71607680377,0.013066354833998161,1.375e+19,2895328.8855826175,104263.12627021123,0.013598975260159962,3239589.5833333335,0.27677852970518046
2187.3855838153654,0.013267933607605562,1.375e+19,2939269.303304029,104263.12627021123,0.013598975260159962,3287941.666666667,0.2729779469340504
2262.527288086399,0.013466493812427902,1.375e+19,2982875.253662943,104263.12627021123,0.013598975260159962,3336293.75,0.2693227015671106
2338.136222054725,0.013662168242052408,1.375e+19,3026161.574843233,104263.12627021123,0.013598975260159962,3384645.8333333335,0.26580356768022184
2414.207203476304,0.013855079339551815,1.375e+19,3069141.8471236504,104263.12627021123,0.013598975260159962,3432997.916666667,0.26241215188700656
2490.734892907899,0.014045340353803037,1.375e+19,3111828.5425157314,104263.12627021123,0.013598975260159962,3481350.0,0.25914079556025194
2140.075414581292,0.011804824684641769,1.75e+19,2064742.951160716,104263.12627021123,0.013598975260159962,2320900.0,0.30283157814777756
2256.4771045524517,0.01208776715476505,1.75e+19,2110992.4762764396,104263.12627021123,0.013598975260159962,2369252.0833333335,0.29662328707928565
2373.8935445799984,0.012364161076062282,1.75e+19,2156666.1997198276,104263.12627021123,0.013598975260159962,2417604.1666666665,0.29077114601932885
2492.319486499284,0.012634464951829497,1.75e+19,2201806.341270425,104263.12627021123,0.013598975260159962,2465956.25,0.2852409806751107
2611.7468275446377,0.012899080973249362,1.75e+19,2246449.4938486074,104263.12627021123,0.013598975260159962,2514308.3333333335,0.28000327472593883
2732.165370369815,0.013158364690598286,1.75e+19,2290627.640097826,104263.12627021123,0.013598975260159962,2562660.4166666665,0.27503234885511524
2853.563391878091,0.013412632610551832,1.75e+19,2334368.944759263,104263.12627021123,0.013598975260159962,2611012.5,0.27030571584428303
2975.928072931643,0.013662168242052387,1.75e+19,2377698.3802339667,104263.12627021123,0.013598975260159962,2659364.5833333335,0.2658035676802227
3099.245825457749,0.013907226964078987,1.75e+19,2420638.226184614,104263.12627021123,0.013598975260159962,2707716.6666666665,0.2615083631009565
3223.502542977361,0.014148039986627461,1.75e+19,2463208.472744014,104263.12627021123,0.013598975260159962,2756068.75,0.2574044925712267
3348.6837933741467,0.014384817605090661,1.75e+19,2505427.149055679,104263.12627021123,0.013598975260159962,2804420.8333333335,0.25347800366420065
3474.7749676879084,0.014617751897813412,1.75e+19,2547310.5933304317,104263.12627021123,0.013598975260159962,2852772.916666667,0.2497163740824586
3601.7613951494677,0.014847018980310687,1.75e+19,2588873.67662758,104263.12627021123,0.013598975260159962,2901125.0,0.24610832262343124
3729.628432109437,0.015072780903143923,1.75e+19,2630129.989676429,104263.12627021123,0.013598975260159962,2949477.0833333335,0.24264365064321053
3858.361530649778,0.015295187260864835,1.75e+19,2671091.999922691,104263.12627021123,0.013598975260159962,2997829.166666667,0.23931310823949514
3987.9462912949116,0.015514376564776899,1.75e+19,2711771.1843949473,104263.12627021123,0.013598975260159962,3046181.25,0.23610828062480185
4118.36850321992,0.015730477421176173,1.75e+19,2752178.1427883785,104263.12627021123,0.013598975260159962,3094533.3333333335,0.2330214911090559
4249.614174587699,0.01594360954825571,1.75e+19,2792322.694250628,104263.12627021123,0.013598975260159962,3142885.416666667,0.230045717836809
4381.669555068234,0.01615388465831948,1.75e+19,2832213.9606536264,104263.12627021123,0.013598975260159962,3191237.5,0.22717452198553703
4514.521152150699,0.016361407226859134,1.75e+19,2871860.4385913974,104263.12627021123,0.013598975260159962,3239589.5833333335,0.22440198556920257
4648.155742519131,0.016566275166051202,1.75e+19,2911270.0619188426,104263.12627021123,0.013598975260159962,3287941.666666667,0.2217226573352945
4782.560379499232,0.016768580417070574,1.75e+19,2950450.256311633,104263.12627021123,0.013598975260159962,3336293.75,0.21913150551610364
4917.722397378485,0.016968409473097013,1.75e+19,2989407.9870616086,104263.12627021123,0.013598975260159962,3384645.8333333335,0.21662387641238584
5053.629413241007,0.01716584384286997,1.75e+19,3028149.801109789,104263.12627021123,0.013598975260159962,3432997.916666667,0.2141954579621618
5190.269326831624,0.017360960463014625,1.75e+19,3066681.864148421,104263.12627021123,0.013598975260159962,3481350.0,0.21184224758849024
4109.9704049977145,0.014451754452732191,2.125e+19,2073175.4883118505,104263.12627021123,0.013598975260159962,2320900.0,0.25238694511809123
4296.40713675514,0.014732833402656175,2.125e+19,2114931.6610005694,104263.12627021123,0.013598975260159962,2369252.0833333335,0.24789381219865772
4484.4340182717915,0.015008626224594914,2.125e+19,2156307.1996670286,104263.12627021123,0.013598975260159962,2417604.1666666665,0.24361948227233388
4674.019288428572,0.015279409361847403,2.125e+19,2197321.125300958,104263.12627021123,0.013598975260159962,2465956.25,0.2395467397748984
4865.131545423585,0.015545434320173971,2.125e+19,2237990.61859784,104263.12627021123,0.013598975260159962,2514308.3333333335,0.2356602543812103
5057.739881920102,0.015806930872048774,2.125e+19,2278331.2736685257,104263.12627021123,0.013598975260159962,2562660.4166666665,0.23194631687748107
5251.8139810695075,0.016064109734350393,2.125e+19,2318357.3079095166,104263.12627021123,0.013598975260159962,2611012.5,0.22839261993217844
5447.324183066554,0.016317164823185227,2.125e+19,2358081.736956693,104263.12627021123,0.013598975260159962,2659364.5833333335,0.2249880748403337
5644.24152943404,0.016566275166051202,2.125e+19,2397516.521580223,104263.12627021123,0.013598975260159962,2707716.6666666665,0.22172265733529417
5842.537790441584,0.016811606534015224,2.125e+19,2436672.691844357,104263.12627021123,0.013598975260159962,2756068.75,0.21858727707196945
6042.185479747502,0.01705331284334452,2.125e+19,2475560.452703887,104263.12627021123,0.013598975260159962,2804420.8333333335,0.21557366652709287
6243.157859373917,0.017291537365932887,2.125e+19,2514189.2743345345,104263.12627021123,0.013598975260159962,2852772.916666667,0.21267428593397258
6445.428937395113,0.017526413780086823,2.125e+19,2552567.9698247043,104263.12627021123,0.013598975260159962,2901125.0,0.20988224154134077
6648.973460167148,0.0177580670871896,2.125e+19,2590704.762338024,104263.12627021123,0.013598975260159962,2949477.0833333335,0.20719121500878268
6853.766900508591,0.01798661441502162,2.125e+19,2628607.343452266,104263.12627021123,0.013598975260159962,2997829.166666667,0.20459540216121205
7059.785442921968,0.018212165724768924,2.125e+19,2666282.924062883,104263.12627021123,0.013598975260159962,3046181.25,0.2020894596488711
7267.005966699959,0.01843482443576959,2.125e+19,2703738.2789881867,104263.12627021123,0.013598975260159962,3094533.3333333335,0.1996684583171882
7475.4060275715965,0.018654687979657584,2.125e+19,2740979.786213033,104263.12627021123,0.013598975260159962,3142885.416666667,0.19732784229739972
7684.963838394858,0.01887184829363136,2.125e+19,2778013.4615470385,104263.12627021123,0.013598975260159962,3191237.5,0.19506339299552886
7895.658249289226,0.019086392261009097,2.125e+19,2814844.989343805,104263.12627021123,0.013598975260159962,3239589.5833333335,0.1928711972923808
8107.468727510712,0.01929840210594989,2.125e+19,2851479.7498221183,104263.12627021123,0.013598975260159962,3287941.666666667,0.1907476193775228
8320.37533730386,0.019507955748170866,2.125e+19,2887922.843444316,104263.12627021123,0.013598975260159962,3336293.75,0.18868927573052746
8534.358719906622,0.019715127122616,2.125e+19,2924179.11273599,104263.12627021123,0.013598975260159962,3384645.8333333335,0.18669301283745296
8749.400073844941,0.01991998646831723,2.125e+19,2960253.1618734156,104263.12627021123,0.013598975260159962,3432997.916666667,0.18475588729202855
8965.481135615624,0.020122600590080728,2.125e+19,2996149.3743163557,104263.12627021123,0.013598975260159962,3481350.0,0.18287514798256072
6749.908649248154,0.01668218629844303,2.5e+19,2053580.4666922577,104263.12627021123,0.013598975260159962,2320900.0,0.2202315087382432
7025.414462015537,0.01696840947309701,2.5e+19,2092585.590943126,104263.12627021123,0.013598975260159962,2369252.0833333335,0.2166238764123858
7303.092732796756,0.01724974472415081,2.5e+19,2131282.215557753,104263.12627021123,0.013598975260159962,2417604.1666666665,0.21317795322073885
7582.893274958876,0.017526413780086767,2.5e+19,2169682.774350995,104263.12627021123,0.013598975260159962,2465956.25,0.20988224154134275
7864.767571164089,0.017798621439769194,2.5e+19,2207798.721414104,104263.12627021123,0.013598975260159962,2514308.3333333335,0.20672636971655245
8148.6687427445695,0.018066557406927385,2.5e+19,2245640.6444663443,104263.12627021123,0.013598975260159962,2562660.4166666665,0.2037009520352138
8434.55150983542,0.018330397868514682,2.5e+19,2283218.3613949753,104263.12627021123,0.013598975260159962,2611012.5,0.20079746974150417
8722.372145304622,0.018590306860246097,2.5e+19,2320541.0029613995,104263.12627021123,0.013598975260159962,2659364.5833333335,0.1980081693859493
9012.088424730935,0.018846437454111853,2.5e+19,2357617.0840463126,104263.12627021123,0.013598975260159962,2707716.6666666665,0.19532597556883874
9303.659574098843,0.019098932796048004,2.5e+19,2394454.5653393366,104263.12627021123,0.013598975260159962,2756068.75,0.19274441569731396
9597.046216441719,0.01934792701674667,2.5e+19,2431060.9070140156,104263.12627021123,0.013598975260159962,2804420.8333333335,0.19025755482513299
9892.210318339054,0.019593546034477827,2.5e+19,2467443.1156428014,104263.12627021123,0.013598975260159962,2852772.916666667,0.18785993899759387
10189.115136925915,0.019835908265514197,2.5e+19,2503607.7853798727,104263.12627021123,0.013598975260159962,2901125.0,0.18554654580535024
10487.725167891356,0.020075125255122717,2.5e+19,2539561.1342592295,104263.12627021123,0.013598975260159962,2949477.0833333335,0.18331274107585477
10788.006094797975,0.020311302239952953,2.5e+19,2575309.036310193,104263.12627021123,0.013598975260159962,2997829.166666667,0.18115424081275236
11089.924739953196,0.020544538650927004,2.5e+19,2610857.050075708,104263.12627021123,0.013598975260159962,3046181.25,0.1790670776404302
11393.449016979437,0.020774928564315287,2.5e+19,2646210.4440234876,104263.12627021123,0.013598975260159962,3094533.3333333335,0.1770475711309066
11698.547885174132,0.02100256110752184,2.5e+19,2681374.219262696,104263.12627021123,0.013598975260159962,3142885.416666667,0.17509230148830354
12005.191305701717,0.021227520825134932,2.5e+19,2716353.129914818,104263.12627021123,0.013598975260159962,3191237.5,0.17319808614714552
12313.350199628638,0.021449888010000112,2.5e+19,2751151.7014349382,104263.12627021123,0.013598975260159962,3239589.5833333335,0.17136195890755082
12622.996407785828,0.021669739003401918,2.5e+19,2785774.247135883,104263.12627021123,0.013598975260159962,3287941.666666667,0.16958115128604392
12934.102652427317,0.021887146467880814,2.5e+19,2820224.883131489,104263.12627021123,0.013598975260159962,3336293.75,0.16785307580707798
13246.642500637325,0.022102179635735214,2.5e+19,2854507.541884602,104263.12627021123,0.013598975260159962,3384645.8333333335,0.1661753109993523
13560.59032943261,0.02231490453586122,2.5e+19,2888625.9845200963,104263.12627021123,0.013598975260159962,3432997.916666667,0.1645455878936518
13875.921292498306,0.022525384201239604,2.5e+19,2922583.8120414466,104263.12627021123,0.013598975260159962,3481350.0,0.16296177784665172
10097.214396092726,0.01864183053336153,2.875e+19,2024326.6797012251,104263.12627021123,0.013598975260159962,2320900.0,0.1974633774625079
10481.04225330735,0.018935217285931196,2.875e+19,2061336.4793757466,104263.12627021123,0.013598975260159962,2369252.0833333335,0.19441129705331775
10867.670073941968,0.019223859492923847,2.875e+19,2098074.939648068,104263.12627021123,0.013598975260159962,2417604.1666666665,0.19148949941989482
11257.029985846917,0.019507955748170876,2.875e+19,2134551.6668936256,104263.12627021123,0.013598975260159962,2465956.25,0.18868927573052738
11649.056766801523,0.0197876909138495,2.875e+19,2170775.6095064087,104263.12627021123,0.013598975260159962,2514308.3333333335,0.18600271434270776
12043.68772306333,0.02006323745621786,2.875e+19,2206755.124941006,104263.12627021123,0.013598975260159962,2562660.4166666665,0.18342260855596806
12440.862571158452,0.020334756614051912,2.875e+19,2242498.037856701,104263.12627021123,0.013598975260159962,2611012.5,0.18094237721082126
12840.52332369688,0.020602399425254946,2.875e+19,2278011.6907913303,104263.12627021123,0.013598975260159962,2659364.5833333335,0.17855599605127503
13242.614179696218,0.020866307632580443,2.875e+19,2313302.9885276495,104263.12627021123,0.013598975260159962,2707716.6666666665,0.17625793815208457
13647.08141968513,0.02112661448579657,2.875e+19,2348378.437105466,104263.12627021123,0.013598975260159962,2756068.75,0.17404312201662814
14053.873305698424,0.02138344545471092,2.875e+19,2383244.1782654813,104263.12627021123,0.013598975260159962,2804420.8333333335,0.1719068661951594
14462.939986170342,0.021636918865126406,2.875e+19,2417906.019976926,104263.12627021123,0.013598975260159962,2852772.916666667,0.16984484946924175
14874.233405651306,0.02188714646788076,2.875e+19,2452369.463592596,104263.12627021123,0.013598975260159962,2901125.0,0.16785307580707948
15287.70721922168,0.022134233949554685,2.875e+19,2486639.72808701,104263.12627021123,0.013598975260159962,2949477.0833333335,0.1659278434236909
15703.316711439686,0.0223782813921406,2.875e+19,2520721.7717615096,104263.12627021123,0.013598975260159962,2997829.166666667,0.16406571738569023
16121.018719639918,0.022619383687894675,2.875e+19,2554620.311741147,104263.12627021123,0.013598975260159962,3046181.25,0.16226350528743302
16540.771561383448,0.02285763091470235,2.875e+19,2588339.841539373,104263.12627021123,0.013598975260159962,3094533.3333333335,0.16051823559721787
16962.534965855615,0.023093108676542556,2.875e+19,2621884.646926113,104263.12627021123,0.013598975260159962,3142885.416666667,0.15882713833193815
17386.270009006144,0.023325898413010224,2.875e+19,2655258.8203011304,104263.12627021123,0.013598975260159962,3191237.5,0.15718762776831474
17811.939052231563,0.0235560776813297,2.875e+19,2688466.2737464244,104263.12627021123,0.013598975260159962,3239589.5833333335,0.15559728694046865
18239.505684398657,0.023783720413839735,2.875e+19,2721510.750907429,104263.12627021123,0.013598975260159962,3287941.666666667,0.1540538537087091
18668.934667022186,0.024008897153555746,2.875e+19,2754395.8378330716,104263.12627021123,0.013598975260159962,3336293.75,0.15255520821378646
19100.1918824118,0.02423167527008499,2.875e+19,2787124.972887492,104263.12627021123,0.013598975260159962,3384645.8333333335,0.15109936155598477
19533.244284614484,0.024452119157894525,2.875e+19,2819701.4558319077,104263.12627021123,0.013598975260159962,3432997.916666667,0.1496844455595762
19968.059852987637,0.024670290418691645,2.875e+19,2852128.456162777,104263.12627021123,0.013598975260159962,3481350.0,0.14830870350127803
14181.189605081438,0.020404944289550545,3.25e+19,1991963.0208728712,104263.12627021123,0.013598975260159962,2320900.0,0.18031102732701396
14692.928054481938,0.020706105077736747,3.25e+19,2027403.5064657005,104263.12627021123,0.013598975260159962,2369252.0833333335,0.17764652739682013
15208.146340733385,0.021002561107521824,3.25e+19,2062595.553278996,104263.12627021123,0.013598975260159962,2417604.1666666665,0.17509230148830407
15726.758227829454,0.021294499649121418,3.25e+19,2097547.2590465816,104263.12627021123,0.013598975260159962,2465956.25,0.1726412783580245
16248.681045801535,0.02158209581921142,3.25e+19,2132266.2186685856,104263.12627021123,0.013598975260159962,2514308.3333333335,0.1702870054513014
16773.835498101766,0.02186551368129289,3.25e+19,2166759.5707783997,104263.12627021123,0.013598975260159962,2562660.4166666665,0.16802358065794862
17302.145480187206,0.022144907218235685,3.25e+19,2201034.0386391324,104263.12627021123,0.013598975260159962,2611012.5,0.16584559310633684
17833.53790889485,0.022420421195050548,3.25e+19,2235095.966212197,104263.12627021123,0.013598975260159962,2659364.5833333335,0.16374807160480767
18367.942562123182,0.022692191926957483,3.25e+19,2268951.3500948874,104263.12627021123,0.013598975260159962,2707716.6666666665,0.1617264395823781
18905.291928291426,0.022960347965393722,3.25e+19,2302605.8679063385,104263.12627021123,0.013598975260159962,2756068.75,0.15977647557639654
19445.52106503452,0.02322501071262969,3.25e+19,2336064.9036064697,104263.12627021123,0.013598975260159962,2804420.8333333335,0.15789427847317158
19988.567466584114,0.02348629497403068,3.25e+19,2369333.5701549016,104263.12627021123,0.013598975260159962,2852772.916666667,0.15607623683679148
20534.37093930442,0.02374430945566526,3.25e+19,2402416.729853817,104263.12627021123,0.013598975260159962,2901125.0,0.15431900176683427
21082.87348486081,0.023999157213839942,3.25e+19,2435319.0126662664,104263.12627021123,0.013598975260159962,2949477.0833333335,0.15261946281274258
21634.01919052857,0.024250936062214193,3.25e+19,2468044.832758521,104263.12627021123,0.013598975260159962,2997829.166666667,0.15097472654433686
22187.754126169657,0.024499738941366304,3.25e+19,2500598.403479029,104263.12627021123,0.013598975260159962,3046181.25,0.14938209743766187
22744.02624743354,0.02474565425502471,3.25e+19,2532983.750956605,104263.12627021123,0.013598975260159962,3094533.3333333335,0.14783906078504602
23302.785304766836,0.024988766176624926,3.25e+19,2565204.7264753925,104263.12627021123,0.013598975260159962,3142885.416666667,0.14634326737983835
23863.982757838035,0.02522915492937692,3.25e+19,2597265.017762753,104263.12627021123,0.013598975260159962,3191237.5,0.14489251976134998
24427.571695015336,0.025466897042629694,3.25e+19,2629168.1593085285,104263.12627021123,0.013598975260159962,3239589.5833333335,0.14348475983490896
24993.506757556002,0.025702065586972484,3.25e+19,2660917.541818688,104263.12627021123,0.013598975260159962,3287941.666666667,0.14211805770698813
25561.744068192478,0.025934730390219103,3.25e+19,2692516.420893547,104263.12627021123,0.013598975260159962,3336293.75,0.1407906015965003
26132.241163818326,0.026164958236164465,3.25e+19,2723967.9250094383,104263.12627021123,0.013598975260159962,3384645.8333333335,0.13950068870148677
26704.956932004952,0.02639281304778681,3.25e+19,2755275.062873422,104263.12627021123,0.013598975260159962,3432997.916666667,0.1382467169157595
27279.851551091546,0.026618356056373745,3.25e+19,2786440.730212145,104263.12627021123,0.013598975260159962,3481350.0,0.13702717730339856
19026.155252826276,0.02201644698908472,3.625e+19,1959182.3387847922,104263.12627021123,0.013598975260159962,2320900.0,0.16684052812434963
19685.71215600558,0.02232548133174891,3.625e+19,1993329.4215355464,104263.12627021123,0.013598975260159962,2369252.0833333335,0.1644653240822108
20349.482315805963,0.022629800996631526,3.625e+19,2027243.8477262913,104263.12627021123,0.013598975260159962,2417604.1666666665,0.1621864606599761
21017.360045186368,0.022929587408525264,3.625e+19,2060932.792858329,104263.12627021123,0.013598975260159962,2465956.25,0.15999794158156336
21689.244148261812,0.02322501071262969,3.625e+19,2094403.01702649,104263.12627021123,0.013598975260159962,2514308.3333333335,0.15789427847317153
22365.037662030536,0.023516230746250085,3.625e+19,2127660.9006891022,104263.12627021123,0.013598975260159962,2562660.4166666665,0.1558704367165477
23044.647615749956,0.023803397903530598,3.625e+19,2160712.4763703826,104263.12627021123,0.013598975260159962,2611012.5,0.1539217882227774
23727.98480671917,0.024086653907514816,3.625e+19,2193563.4568634,104263.12627021123,0.013598975260159962,2659364.5833333335,0.15204407010007276
24414.96359127897,0.024366132501587548,3.625e+19,2226219.2604086236,104263.12627021123,0.013598975260159962,2707716.6666666665,0.1502333483617478
25105.501689919038,0.024641960070520885,3.625e+19,2258685.033247646,104263.12627021123,0.013598975260159962,2756068.75,0.14848598596069743
25799.520005441365,0.024914256199822717,3.625e+19,2290965.6698893732,104263.12627021123,0.013598975260159962,2804420.8333333335,0.14679861455148113
26496.942453208412,0.0251831341808302,3.625e+19,2323065.831375143,104263.12627021123,0.013598975260159962,2852772.916666667,0.14516810947507547
27197.69580257248,0.025448701467937096,3.625e+19,2354989.961786932,104263.12627021123,0.013598975260159962,2901125.0,0.14359156753901248
27901.70952864733,0.025711060093460133,3.625e+19,2386742.303207592,104263.12627021123,0.013598975260159962,2949477.0833333335,0.14206628722996115
28608.91567365489,0.025970307044911094,3.625e+19,2418326.9093129085,104263.12627021123,0.013598975260159962,2997829.166666667,0.14058975104921467
29319.248717128918,0.026226534608806345,3.625e+19,2449747.657750328,104263.12627021123,0.013598975260159962,3046181.25,0.13915960970641442
30032.64545432655,0.026479830684619586,3.625e+19,2481008.2614387716,104263.12627021123,0.013598975260159962,3094533.3333333335,0.13777366794415985
30749.044882236816,0.026730279072020472,3.625e+19,2512112.2789059863,104263.12627021123,0.013598975260159962,3142885.416666667,0.13642987179791932
31468.388092639423,0.026977959734161776,3.625e+19,2543063.1237653685,104263.12627021123,0.013598975260159962,3191237.5,0.13512629712212487
32190.618171694197,0.027222949039433966,3.625e+19,2573864.0734209865,104263.12627021123,0.013598975260159962,3239589.5833333335,0.1338611392361671
32915.680105598956,0.027465319983827483,3.625e+19,2604518.277079055,104263.12627021123,0.013598975260159962,3287941.666666667,0.13263270356303888
33643.520691877646,0.027705142395786697,3.625e+19,2635028.7631343678,104263.12627021123,0.013598975260159962,3336293.75,0.13143939714995753
34374.088455905345,0.027942483125230008,3.625e+19,2665398.4459924186,104263.12627021123,0.013598975260159962,3384645.8333333335,0.1302797209742112
35107.33357229996,0.028177406218218428,3.625e+19,2695630.132380702,104263.12627021123,0.013598975260159962,3432997.916666667,0.129152262949632
35843.20779084658,0.028409973078595625,3.625e+19,2725726.527196844,104263.12627021123,0.013598975260159962,3481350.0,0.12805569155939522
24652.885158468398,0.02350625698175609,4e+19,1927156.52532698,104263.12627021123,0.013598975260159962,2320900.0,0.15593894714033774
25480.454821505715,0.023823056793971755,4e+19,1960204.6466773485,104263.12627021123,0.013598975260159962,2369252.0833333335,0.15379005996937864
26313.024257800993,0.024135105751896743,4e+19,1993031.8382193458,104263.12627021123,0.013598975260159962,2417604.1666666665,0.15172720195445147
27150.467104154814,0.024442582333954133,4e+19,2025644.6565595316,104263.12627021123,0.013598975260159962,2465956.25,0.14974513673573409
27992.6624490044,0.024745654255024715,4e+19,2058049.297652242,104263.12627021123,0.013598975260159962,2514308.3333333335,0.1478390607850459
28839.494509117965,0.025044479361138225,4e+19,2090251.6261642193,104263.12627021123,0.013598975260159962,2562660.4166666665,0.14600455842371093
29690.852329860452,0.02533920642948468,4e+19,2122257.2016786295,104263.12627021123,0.013598975260159962,2611012.5,0.1442375624393757
30546.629507092064,0.025629975885881787,4e+19,2154071.302157879,104263.12627021123,0.013598975260159962,2659364.5833333335,0.14253431949373715
31406.72392892286,0.025916920450014997,4e+19,2185698.9450191604,104263.12627021123,0.013598975260159962,2707716.6666666665,0.14089135964524113
32271.037535697535,0.026200165717257484,4e+19,2217144.906122793,104263.12627021123,0.013598975260159962,2756068.75,0.13930546941889238
33139.47609672265,0.026479830684619475,4e+19,2248413.736928882,104263.12627021123,0.013598975260159962,2804420.8333333335,0.13777366794416243
34011.949002383946,0.026756028227326492,4e+19,2279509.7800409817,104263.12627021123,0.013598975260159962,2852772.916666667,0.1362931857552768
34888.36907041096,0.027028865531636907,4e+19,2310437.1833244064,104263.12627021123,0.013598975260159962,2901125.0,0.1348614459090881
35768.65236516797,0.02729844448876809,4e+19,2341199.9127612454,104263.12627021123,0.013598975260159962,2949477.0833333335,0.13347604712627983
36652.71802893459,0.027564862054159433,4e+19,2371801.7641820298,104263.12627021123,0.013598975260159962,2997829.166666667,0.1321347487041669
37540.48812424342,0.027828210575768213,4e+19,2402246.3739958983,104263.12627021123,0.013598975260159962,3046181.25,0.13083545698477875
38431.88748641652,0.028088578094628995,4e+19,2432537.2290252633,104263.12627021123,0.013598975260159962,3094533.3333333335,0.12957621319196247
39326.84358551538,0.0283460486205124,4e+19,2462677.6755376672,104263.12627021123,0.013598975260159962,3142885.416666667,0.12835518247657196
40225.286396996176,0.028600702385182742,4e+19,2492670.927556267,104263.12627021123,0.013598975260159962,3191237.5,0.12717064403022546
41127.148280413276,0.028852616075456358,4e+19,2522520.074520402,104263.12627021123,0.013598975260159962,3239589.5833333335,0.1260209821464866
42032.36386557257,0.029101863048010133,4e+19,2552228.088359344,104263.12627021123,0.013598975260159962,3287941.666666667,0.12490467812390377
42940.869945594226,0.029348513527672055,4e+19,2581797.83003515,104263.12627021123,0.013598975260159962,3336293.75,0.12382030291865118
43852.605376374995,0.02959263479072745,4e+19,2611232.055603974,104263.12627021123,0.013598975260159962,3384645.8333333335,0.12276651046611572
44767.51098199948,0.029834291334614307,4e+19,2640533.421839982,104263.12627021123,0.013598975260159962,3432997.916666667,0.12174203160050873
45685.529465671556,0.030073545035227644,4e+19,2669704.4914609734,104263.12627021123,0.013598975260159962,3481350.0,0.12074566851024543
31079.465018058127,0.024895588157609713,4.375e+19,1896388.934074414,104263.12627021123,0.013598975260159962,2320900.0,0.14691312484666672
32095.49661905482,0.025219958626159444,4.375e+19,1928483.0371279854,104263.12627021123,0.013598975260159962,2369252.0833333335,0.14494751009849724
33117.36665880735,0.02553952739894764,4.375e+19,1960365.3999849067,104263.12627021123,0.013598975260159962,2417604.1666666665,0.1430599494322578
34144.9268277679,0.02585447168308331,4.375e+19,1992042.134778843,104263.12627021123,0.013598975260159962,2465956.25,0.14124577275610178
35178.035274730704,0.026164958236164403,4.375e+19,2023519.0300070087,104263.12627021123,0.013598975260159962,2514308.3333333335,0.13950068870148827
36216.55621709569,0.026471144212140345,4.375e+19,2054801.5757603063,104263.12627021123,0.013598975260159962,2562660.4166666665,0.1378207460360245
37260.35958049232,0.026773177920275323,4.375e+19,2085894.986355676,104263.12627021123,0.013598975260159962,2611012.5,0.13620229978207707
38309.320665193445,0.027071199508005437,4.375e+19,2116804.2207011282,104263.12627021123,0.013598975260159962,2659364.5833333335,0.1346419813761281
39363.31983698574,0.027365341576912488,4.375e+19,2147534.0006741504,104263.12627021123,0.013598975260159962,2707716.6666666665,0.1331366723103418
40422.24224039542,0.027655729739734205,4.375e+19,2178088.82775325,104263.12627021123,0.013598975260159962,2756068.75,0.13168348078517808
41485.97753235886,0.02794248312522996,4.375e+19,2208472.998108002,104263.12627021123,0.013598975260159962,2804420.8333333335,0.13027972097421225
42554.41963462382,0.028225714836805145,4.375e+19,2238690.616324619,104263.12627021123,0.013598975260159962,2852772.916666667,0.12892289456205275
43627.46650331107,0.02850553237000876,4.375e+19,2268745.607919703,104263.12627021123,0.013598975260159962,2901125.0,0.12761067426630535
44705.01991423374,0.028782037993364377,4.375e+19,2298641.7307748715,104263.12627021123,0.013598975260159962,2949477.0833333335,0.12634088909605437
45786.985262684204,0.02905532909642301,4.375e+19,2328382.585607474,104263.12627021123,0.013598975260159962,2997829.166666667,0.12511151113447852
46873.27137653116,0.029325498508448334,4.375e+19,2357971.6255781814,104263.12627021123,0.013598975260159962,3046181.25,0.1239206436625968
47963.7903415686,0.02959263479072755,4.375e+19,2387412.1651236373,104263.12627021123,0.013598975260159962,3094533.3333333335,0.12276651046611375
49058.45733815545,0.029856822505144813,4.375e+19,2416707.3880916666,104263.12627021123,0.013598975260159962,3142885.416666667,0.12164744618845638
50157.19048827495,0.03011814246134693,4.375e+19,2445860.355247375,104263.12627021123,0.013598975260159962,3191237.5,0.12056188761105766
51259.910712211306,0.030376671944560642,4.375e+19,2474874.0112103913,104263.12627021123,0.013598975260159962,3239589.5833333335,0.11950836575734598
52366.541594125214,0.030632484925893846,4.375e+19,2503751.1908768346,104263.12627021123,0.013598975260159962,3287941.666666667,0.11848549872994495
53477.00925585708,0.030885652256744767,4.375e+19,2532494.6253733644,104263.12627021123,0.013598975260159962,3336293.75,0.1174919852019762
54591.242238358514,0.031136241848771756,4.375e+19,2561106.9475856875,104263.12627021123,0.013598975260159962,3384645.8333333335,0.11652659849296672
55709.17139019033,0.031384318840716845,4.375e+19,2589590.697299151,104263.12627021123,0.013598975260159962,3432997.916666667,0.11558818116832738
56830.729762587725,0.03162994575324537,4.375e+19,2617948.325985287,104263.12627021123,0.013598975260159962,3481350.0,0.11467564010852961
38321.866075881204,0.0262001657172575,4.75e+19,1867069.3946297208,104263.12627021123,0.013598975260159962,2320900.0,0.13930546941889188
39547.03633008701,0.026531878537035456,4.75e+19,1898321.9190996438,104263.12627021123,0.013598975260159962,2369252.0833333335,0.13749224867009366
40778.93475238601,0.026858730410041238,4.75e+19,1929370.1910680186,104263.12627021123,0.013598975260159962,2417604.1666666665,0.1357507039637312
42017.38980847167,0.027180898301224502,4.75e+19,1960219.9866813994,104263.12627021123,0.013598975260159962,2465956.25,0.13407660410202504
43262.23748008068,0.02749854891718426,4.75e+19,1990876.7849647454,104263.12627021123,0.013598975260159962,2514308.3333333335,0.13246605579194534
44513.3208064872,0.027811839519935995,4.75e+19,2021345.7902080459,104263.12627021123,0.013598975260159962,2562660.4166666665,0.13091546975833485
45770.489461202036,0.028120918658961644,4.75e+19,2051631.9521294653,104263.12627021123,0.013598975260159962,2611012.5,0.12942153092288514
47033.599360685315,0.02842592683144295,4.75e+19,2081739.9840879536,104263.12627021123,0.013598975260159962,2659364.5833333335,0.12798117208392384
48302.51230220133,0.028726997079177093,4.75e+19,2111674.379578576,104263.12627021123,0.013598975260159962,2707716.6666666665,0.12659155062087196
49577.095628238625,0.02902425552950023,4.75e+19,2141439.42721084,104263.12627021123,0.013598975260159962,2756068.75,0.12525002782053776
50857.221915178074,0.029317821886555736,4.75e+19,2171039.2243426456,104263.12627021123,0.013598975260159962,2804420.8333333335,0.12395415048315074
52142.768684118804,0.029607809878405212,4.75e+19,2200477.68951917,104263.12627021123,0.013598975260159962,2852772.916666667,0.12270163451663951
53433.61813197735,0.029894327664769817,4.75e+19,2229758.5738463276,104263.12627021123,0.013598975260159962,2901125.0,0.12149035026987587
54729.65688116328,0.030177478209584555,4.75e+19,2258885.4714118172,104263.12627021123,0.013598975260159962,2949477.0833333335,0.12031830939101128
56030.77574629215,0.03045735962202742,4.75e+19,2287861.8288524756,104263.12627021123,0.013598975260159962,2997829.166666667,0.11918365302688366
57336.86951654549,0.03073406546924127,4.75e+19,2316690.954154536,104263.12627021123,0.013598975260159962,3046181.25,0.11808464120463355
58647.836752418625,0.031007685063582563,4.75e+19,2345376.0247629564,104263.12627021123,0.013598975260159962,3094533.3333333335,0.1170196432580144
59963.57959571438,0.031278303726899936,4.75e+19,2373920.095067004,104263.12627021123,0.013598975260159962,3142885.416666667,0.11598712917902307
61284.00359174183,0.031546003034057225,4.75e+19,2402326.103321484,104263.12627021123,0.013598975260159962,3191237.5,0.11498566179097824
62609.01752277986,0.031810861037667955,4.75e+19,2430596.878056329,104263.12627021123,0.013598975260159962,3239589.5833333335,0.11401388965237189
63938.53325193952,0.03207295247578773,4.75e+19,2458735.144021323,104263.12627021123,0.013598975260159962,3287941.666666667,0.11307054061223475
65272.46557665191,0.032332348964126026,4.75e+19,2486743.527707808,104263.12627021123,0.013598975260159962,3336293.75,0.11215441594743397
66610.73209105794,0.032589119174166466,4.75e+19,2514624.56248456,104263.12627021123,0.013598975260159962,3384645.8333333335,0.11126438502085507
67953.2530566469,0.03284332899844165,4.75e+19,2542380.6933812005,104263.12627021123,0.013598975260159962,3432997.916666667,0.11039938040664372
69299.95128055399,0.033095041704081785,4.75e+19,2570014.2815491846,104263.12627021123,0.013598975260159962,3481350.0,0.10955839343497921
46394.35238106071,0.027432042569346282,5.125e+19,1839235.6818193283,104263.12627021123,0.013598975260159962,2320900.0,0.13280001952132067
47849.54240382713,0.027770860803122837,5.125e+19,1869736.4859579958,104263.12627021123,0.013598975260159962,2369252.0833333335,0.13111618897518004
49312.40029562721,0.028104754024369842,5.125e+19,1900039.3205346689,104263.12627021123,0.013598975260159962,2417604.1666666665,0.1294987976572775
50782.730026656616,0.02843389961664176,5.125e+19,1930149.6974083143,104263.12627021123,0.013598975260159962,2465956.25,0.12794396505855757
52260.34419390847,0.02875846481732117,5.125e+19,1960072.8511884687,104263.12627021123,0.013598975260159962,2514308.3333333335,0.12644811668694483
53745.06349110127,0.029078607509879333,5.125e+19,1989813.759567251,104263.12627021123,0.013598975260159962,2562660.4166666665,0.12500795377449242
55236.71621979336,0.029394476937988193,5.125e+19,2019377.1616903606,104263.12627021123,0.013598975260159962,2611012.5,0.12362042657131589
56735.137837876624,0.029706214350769148,5.125e+19,2048767.5748007451,104263.12627021123,0.013598975260159962,2659364.5833333335,0.1222827107345503
58240.17054204049,0.030013953587177494,5.125e+19,2077989.309355656,104263.12627021123,0.013598975260159962,2707716.6666666665,0.12099218639685928
59751.66288114893,0.03031782160643625,5.125e+19,2107046.482790106,104263.12627021123,0.013598975260159962,2756068.75,0.11974641956218246
61269.469397794346,0.03061793897051948,5.125e+19,2135943.032076594,104263.12627021123,0.013598975260159962,2804420.8333333335,0.11854314552881849
62793.450295564704,0.030914420283904946,5.125e+19,2164682.7252112096,104263.12627021123,0.013598975260159962,2852772.916666667,0.11738025408374009
64323.471129816826,0.031207374595156073,5.125e+19,2193269.171739654,104263.12627021123,0.013598975260159962,2901125.0,0.11625577624863995
65859.40251995208,0.031496905764320994,5.125e+19,2221705.8324223,104263.12627021123,0.013598975260159962,2949477.0833333335,0.11516787238911352
67401.11988140775,0.03178311279965648,5.125e+19,2249996.0281254714,104263.12627021123,0.013598975260159962,2997829.166666667,0.11411482152424977
68948.50317573121,0.0320660901667593,5.125e+19,2278142.948015479,104263.12627021123,0.013598975260159962,3046181.25,0.11309501169603213
70501.43667727047,0.032345928072829155,5.125e+19,2306149.657123025,104263.12627021123,0.013598975260159962,3094533.3333333335,0.11210693127655938
72059.80875514873,0.03262271272847288,5.125e+19,2334019.103337807,104263.12627021123,0.013598975260159962,3142885.416666667,0.1111491611070473
73623.51166931851,0.03289652658918743,5.125e+19,2361754.1238864004,104263.12627021123,0.013598975260159962,3191237.5,0.11022036737616381
75192.44137959328,0.033167448578420654,5.125e+19,2389357.4513405664,104263.12627021123,0.013598975260159962,3239589.5833333335,0.10931929515693145
76766.49736666349,0.03343555429390367,5.125e+19,2416831.7191981096,104263.12627021123,0.013598975260159962,3287941.666666667,0.10844476253141341
78345.58246418726,0.033700916198765495,5.125e+19,2444179.4670738517,104263.12627021123,0.013598975260159962,3336293.75,0.10759565524106358
79929.60270112543,0.03396360379878155,5.125e+19,2471403.1455343766,104263.12627021123,0.013598975260159962,3384645.8333333335,0.10677092180806627
81518.46715356986,0.03422368380696908,5.125e+19,2498505.120606795,104263.12627021123,0.013598975260159962,3432997.916666667,0.10596956907943418
83112.08780536753,0.03448122029661604,5.125e+19,2525487.677988641,104263.12627021123,0.013598975260159962,3481350.0,0.10519065815127923
55309.781820900644,0.02860070238518272,5.5e+19,1812851.5836772847,104263.12627021123,0.013598975260159962,2320900.0,0.127170644030226
57016.057569917255,0.02894639235793297,5.5e+19,1842674.1547103648,104263.12627021123,0.013598975260159962,2369252.0833333335,0.12559853765319554
58730.98980937397,0.029287090601043834,5.5e+19,1872304.1492153988,104263.12627021123,0.013598975260159962,2417604.1666666665,0.12408847836521297
60454.35675796089,0.029622975354520412,5.5e+19,1901746.864501008,104263.12627021123,0.013598975260159962,2465956.25,0.12263687274996925
62185.94642573156,0.02995421477142551,5.5e+19,1931007.3360700146,104263.12627021123,0.013598975260159962,2514308.3333333335,0.12124040780093967
63925.55600941853,0.030280967695662984,5.5e+19,1960090.3564068808,104263.12627021123,0.013598975260159962,2562660.4166666665,0.11989602346334693
65672.99133511708,0.03060338436412978,5.5e+19,1989000.4919962834,104263.12627021123,0.013598975260159962,2611012.5,0.11860088839161123
67428.06634389378,0.030921607042081477,5.5e+19,2017742.0987783617,104263.12627021123,0.013598975260159962,2659364.5833333335,0.11735237848637232
69190.60261636441,0.03123577059935338,5.5e+19,2046319.3362179657,104263.12627021123,0.013598975260159962,2707716.6666666665,0.1161480578419939
70960.42893269236,0.03154600303405733,5.5e+19,2074736.180141285,104263.12627021123,0.013598975260159962,2756068.75,0.11498566179097655
72737.38086484675,0.031852425949515505,5.5e+19,2102996.4344732673,104263.12627021123,0.013598975260159962,2804420.8333333335,0.11386308177780774
74521.30039827107,0.03215515498945232,5.5e+19,2131103.7419919833,104263.12627021123,0.013598975260159962,2852772.916666667,0.11277835183347654
76312.0355804139,0.03245430023584017,5.5e+19,2159061.594201635,104263.12627021123,0.013598975260159962,2901125.0,0.11172963645423474
78109.440193823,0.03274996657325371,5.5e+19,2186873.3404133646,104263.12627021123,0.013598975260159962,2949477.0833333335,0.11071521971552385
79913.37345173702,0.033042254023125245,5.5e+19,2214542.1961123743,104263.12627021123,0.013598975260159962,2997829.166666667,0.10973349547502828
81723.69971430556,0.03333125805089186,5.5e+19,2242071.2506805784,104263.12627021123,0.013598975260159962,3046181.25,0.10878295853841978
83540.28822375192,0.03361706984867962,5.5e+19,2269463.474536089,104263.12627021123,0.013598975260159962,3094533.3333333335,0.10786219667797625
85363.01285695219,0.03389977659586898,5.5e+19,2296721.7257438875,104263.12627021123,0.013598975260159962,3142885.416666667,0.10696988340847376
87191.75189404588,0.03417946169962364,5.5e+19,2323848.756146024,104263.12627021123,0.013598975260159962,3191237.5,0.10610477143690984
89026.38780182556,0.0344562050172371,5.5e+19,2350847.217054472,104263.12627021123,0.013598975260159962,3239589.5833333335,0.10526568671303739
90866.80703076071,0.03473008306195037,5.5e+19,2377719.66454511,104263.12627021123,0.013598975260159962,3287941.666666667,0.1044515230166804
92712.89982461881,0.035001169193719366,5.5e+19,2404468.5643873345,104263.12627021123,0.013598975260159962,3336293.75,0.1036612370255477
94564.5600417389,0.03526953379625692,5.5e+19,2431096.2966402574,104263.12627021123,0.013598975260159962,3384645.8333333335,0.10289384381394696
96421.68498709209,0.03553524444153721,5.5e+19,2457605.159943288,104263.12627021123,0.013598975260159962,3432997.916666667,0.10214841273863497
98284.17525434143,0.035798366042831584,5.5e+19,2483997.375526188,104263.12627021123,0.013598975260159962,3481350.0,0.1014240636730748
65079.835324748456,0.029713767225644856,5.875e+19,1787846.252815625,104263.12627021123,0.013598975260159962,2320900.0,0.1222506833089686
67058.43097816025,0.030066104132066073,5.875e+19,1817051.8080044126,104263.12627021123,0.013598975260159962,2369252.0833333335,0.12077639067868273
69046.71967053607,0.030413381287193543,5.875e+19,1846069.499404503,104263.12627021123,0.013598975260159962,2417604.1666666665,0.11936039626559897
71044.45263082105,0.030755778084052693,5.875e+19,1874904.4456659786,104263.12627021123,0.013598975260159962,2465956.25,0.1179993463822115
73051.3920977766,0.03109346385127889,5.875e+19,1903561.5159955665,104263.12627021123,0.013598975260159962,2514308.3333333335,0.11669014672430955
75067.3106375298,0.03142659862127638,5.875e+19,1932045.3477448586,104263.12627021123,0.013598975260159962,2562660.4166666665,0.1154299372053139
77091.99051487663,0.03175533382454111,5.875e+19,1960360.362375147,104263.12627021123,0.013598975260159962,2611012.5,0.11421606971036226
79125.22311327221,0.032079812918676925,5.875e+19,1988510.7799837203,104263.12627021123,0.013598975260159962,2659364.5833333335,0.11304608837796377
81166.80839897103,0.03240017195948281,5.875e+19,2016500.6325513828,104263.12627021123,0.013598975260159962,2707716.6666666665,0.11191771207672643
83216.55442527117,0.032716540120519944,5.875e+19,2044333.7760499704,104263.12627021123,0.013598975260159962,2756068.75,0.11082881879412959
85274.27687326566,0.033029040166746404,5.875e+19,2072013.9015309212,104263.12627021123,0.013598975260159962,2804420.8333333335,0.10977743169554413
87339.79862584722,0.033337788887095286,5.875e+19,2099544.545300532,104263.12627021123,0.013598975260159962,2852772.916666667,0.10876170664643933
89412.94937207279,0.03364289749027494,5.875e+19,2126929.0982747,104263.12627021123,0.013598975260159962,2901125.0,0.10777992101968882
91493.56523927773,0.033944471967548816,5.875e+19,2154170.8145947307,104263.12627021123,0.013598975260159962,2949477.0833333335,0.10683046363448373
93581.48845059008,0.034242613425805604,5.875e+19,2181272.819576153,104263.12627021123,0.013598975260159962,2997829.166666667,0.10591182569412752
95676.56700572625,0.03453741839384368,5.875e+19,2208238.117054196,104263.12627021123,0.013598975260159962,3046181.25,0.10502259260763697
97778.65438315587,0.034828979104459146,5.875e+19,2235069.596182373,104263.12627021123,0.013598975260159962,3094533.3333333335,0.10416143659509726
99887.60926191106,0.035117383754636064,5.875e+19,2261770.0377343874,104263.12627021123,0.013598975260159962,3142885.416666667,0.10332710998955043
102003.2952614655,0.03540271674588082,5.875e+19,2288342.1199540375,104263.12627021123,0.013598975260159962,3191237.5,0.10251843915924344
104125.58069827265,0.03568505890652404,5.875e+19,2314788.423993116,104263.12627021123,0.013598975260159962,3239589.5833333335,0.10173431898346402
106254.33835766165,0.03596448769761507,5.875e+19,2341111.4389730184,104263.12627021123,0.013598975260159962,3287941.666666667,0.10097370782339748
108389.44527992552,0.03624107740386602,5.875e+19,2367313.566702169,104263.12627021123,0.013598975260159962,3336293.75,0.1002356229364354
110530.78255953113,0.03651489931095122,5.875e+19,2393397.1260781107,104263.12627021123,0.013598975260159962,3384645.8333333335,0.09951913628846883
112678.23515646908,0.03678602187033269,5.875e+19,2419364.3572001704,104263.12627021123,0.013598975260159962,3432997.916666667,0.09882337072403061
114831.69171886281,0.037054510852669156,5.875e+19,2445217.4252162003,104263.12627021123,0.013598975260159962,3481350.0,0.09814749645868939
75715.19547222793,0.030777471508130576,6.25e+19,1764134.5515412432,104263.12627021123,0.013598975260159962,2320900.0,0.11791426273107651
77987.4991953117,0.03113624184877176,6.25e+19,1792774.8633099813,104263.12627021123,0.013598975260159962,2369252.0833333335,0.11652659849296665
80270.57950116119,0.03148988397084553,6.25e+19,1821231.4891402936,104263.12627021123,0.013598975260159962,2417604.1666666665,0.11519398519430415
82564.15940958311,0.03183857862406348,6.25e+19,1849509.3957875604,104263.12627021123,0.013598975260159962,2465956.25,0.11391327265088863
84867.97422227084,0.03218249649023742,6.25e+19,1877613.3107053856,104263.12627021123,0.013598975260159962,2514308.3333333335,0.11268155247724859
87181.77075936519,0.0325217989452638,6.25e+19,1905547.7386772884,104263.12627021123,0.013598975260159962,2562660.4166666665,0.11149613481298885
89505.30665640264,0.03285663874856311,6.25e+19,1933316.9769385452,104263.12627021123,0.013598975260159962,2611012.5,0.11035452772786945
91838.3497159128,0.0331871606682642,6.25e+19,1960925.1289569982,104263.12627021123,0.013598975260159962,2659364.5833333335,0.1092544189487366
94180.67730855376,0.033513502049321305,6.25e+19,1988376.1170192794,104263.12627021123,0.013598975260159962,2707716.6666666665,0.10819365960522119
96532.0758192193,0.03383579333081468,6.25e+19,2015673.6937499158,104263.12627021123,0.013598975260159962,2756068.75,0.1071702497359066
98892.34013405969,0.03415415851789381,6.25e+19,2042821.4526747912,104263.12627021123,0.013598975260159962,2804420.8333333335,0.10618232533400279
101261.27316475891,0.03446871561313516,6.25e+19,2069822.8379265147,104263.12627021123,0.013598975260159962,2852772.916666667,0.10522814674304042
103638.68540681498,0.03477957701150739,6.25e+19,2096681.1531775845,104263.12627021123,0.013598975260159962,2901125.0,0.10430608823942888
106024.39452887488,0.03508684986262785,6.25e+19,2123399.5698769097,104263.12627021123,0.013598975260159962,2949477.0833333335,0.10341462866114316
108418.22499050507,0.03539063640356705,6.25e+19,2149981.134856685,104263.12627021123,0.013598975260159962,2997829.166666667,0.1025523429606046
110820.00768599496,0.03569103426507206,6.25e+19,2176428.7773687253,104263.12627021123,0.013598975260159962,3046181.25,0.10171789457606165
113229.579612072,0.0359881367537634,6.25e+19,2202745.3156030825,104263.12627021123,0.013598975260159962,3094533.3333333335,0.1009100285293383
115646.78355757102,0.036282033112566565,6.25e+19,2228933.46273572,104263.12627021123,0.013598975260159962,3142885.416666667,0.10012756516969362
118071.46781330524,0.0365728087613954,6.25e+19,2254995.83254715,104263.12627021123,0.013598975260159962,3191237.5,0.09936939449353814
120503.4859005546,0.03686054551988814,6.25e+19,2280934.944649534,104263.12627021123,0.013598975260159962,3239589.5833333335,0.0986344709784028
122942.69631671392,0.0371453218138015,6.25e+19,2306753.229355746,104263.12627021123,0.013598975260159962,3287941.666666667,0.09792180887709659
125388.96229679177,0.03742721286650488,6.25e+19,2332453.0322206174,104263.12627021123,0.013598975260159962,3336293.75,0.09723047792438319
127842.15158956421,0.03770629087686738,6.25e+19,2358036.6182815186,104263.12627021123,0.013598975260159962,3384645.8333333335,0.09655959941413478
130302.13624728961,0.03798262518469907,6.25e+19,2383506.1760227517,104263.12627021123,0.013598975260159962,3432997.916666667,0.09590834260979167
132768.79242798654,0.038256282424792995,6.25e+19,2408863.8210858773,104263.12627021123,0.013598975260159962,3481350.0,0.09527592145518775
87225.68833764723,0.03179699075544817,6.625e+19,1741627.6649202602,104263.12627021123,0.013598975260159962,2320900.0,0.11406431613948385
89813.22999772282,0.0321619931378646,6.625e+19,1769747.074713336,104263.12627021123,0.013598975260159962,2369252.0833333335,0.11275412415023825
92412.6779076414,0.03252179894526383,6.625e+19,1797686.5459219709,104263.12627021123,0.013598975260159962,2417604.1666666665,0.11149613481298826
95023.72567762915,0.03287659042476176,6.625e+19,1825450.913923014,104263.12627021123,0.013598975260159962,2465956.25,0.11028737311941439
97646.08052502519,0.03322653973317103,6.625e+19,1853044.7832839391,104263.12627021123,0.013598975260159962,2514308.3333333335,0.10912509092652199
100279.46242661336,0.03357180969532711,6.625e+19,1880472.5436141181,104263.12627021123,0.013598975260159962,2562660.4166666665,0.10800674527132792
102923.6033382199,0.033912554490792036,6.625e+19,1907738.3839969495,104263.12627021123,0.013598975260159962,2611012.5,0.10692997916418964
105578.24647515056,0.03424892027704771,6.625e+19,1934846.3061591154,104263.12627021123,0.013598975260159962,2659364.5833333335,0.10589260453286428
108243.14564775018,0.034581045756222166,6.625e+19,1961800.13651285,104263.12627021123,0.013598975260159962,2707716.6666666665,0.10489258703845923
110918.06464699218,0.03490906269148533,6.625e+19,1988603.5371898317,104263.12627021123,0.013598975260159962,2756068.75,0.10392803252532352
113602.77667555831,0.03523309637847672,6.625e+19,2015260.0161705504,104263.12627021123,0.013598975260159962,2804420.8333333335,0.10299717490114516
116297.06382033371,0.03555326607646106,6.625e+19,2041772.9366002919,104263.12627021123,0.013598975260159962,2852772.916666667,0.10209836527231328
119000.7165626878,0.03586968540334152,6.625e+19,2068145.5253721098,104263.12627021123,0.013598975260159962,2901125.0,0.10123006218377927
121713.53332325713,0.036182462698163595,6.625e+19,2094380.8810476337,104263.12627021123,0.013598975260159962,2949477.0833333335,0.10039082283322624
124435.32003830357,0.036491701354322524,6.625e+19,2120481.9811785785,104263.12627021123,0.013598975260159962,2997829.166666667,0.09957929514667829
127165.88976498923,0.03679750012631398,6.625e+19,2146451.689084656,104263.12627021123,0.013598975260159962,3046181.25,0.09879421061755657
129905.06231318747,0.03709995341255105,6.625e+19,2172292.760137542,104263.12627021123,0.013598975260159962,3094533.3333333335,0.0980343778237782
132652.663901662,0.037399151516487504,6.625e+19,2198007.847595101,104263.12627021123,0.013598975260159962,3142885.416666667,0.09729867654837117
135408.52683667297,0.03769518088804712,6.625e+19,2223599.508025491,104263.12627021123,0.013598975260159962,3191237.5,0.0965860524383224
138172.4892112223,0.03798812434713993,6.625e+19,2249070.206356511,104263.12627021123,0.013598975260159962,3239589.5833333335,0.09589551214444325
140944.39462335058,0.03827806129086429,6.625e+19,2274422.3205820895,104263.12627021123,0.013598975260159962,3287941.666666667,0.095226118891874
143724.0919120009,0.03856506788582127,6.625e+19,2299658.146154434,104263.12627021123,0.013598975260159962,3336293.75,0.09457698843691362
146511.43490914695,0.03884921724683024,6.625e+19,2324779.90008775,104263.12627021123,0.013598975260159962,3384645.8333333335,0.09394728537094722
149306.28220694332,0.03913057960319622,6.625e+19,2349789.724796675,104263.12627021123,0.013598975260159962,3432997.916666667,0.09333621973687131
152108.4969388181,0.039409222453574574,6.625e+19,2374689.6916906224,104263.12627021123,0.013598975260159962,3481350.0,0.09274304392723126
99620.39794774575,0.03277667631677371,7e+19,1720238.5735809891,104263.12627021123,0.013598975260159962,2320900.0,0.11062464444396553
102544.83842868634,0.03314772141176153,7e+19,1747875.4684576483,104263.12627021123,0.013598975260159962,2369252.0833333335,0.109384313426947
105482.3601338532,0.03351350204932128,7e+19,1775335.818767213,104263.12627021123,0.013598975260159962,2417604.1666666665,0.10819365960522159
108432.62608202297,0.03387420207098759,7e+19,1802624.34460956,104263.12627021123,0.013598975260159962,2465956.25,0.10704986057613548
111395.31427689914,0.034229995191675605,7e+19,1829745.542511361,104263.12627021123,0.013598975260159962,2514308.3333333335,0.10595030795420399
114370.11677198272,0.03458104575622219,7e+19,1856703.7006282334,104263.12627021123,0.013598975260159962,2562660.4166666665,0.104892587038459
117356.73880983326,0.03492750942495367,7e+19,1883502.9126017313,104263.12627021123,0.013598975260159962,2611012.5,0.10387445878970103
120354.8980285802,0.03526953379625698,7e+19,1910147.090217347,104263.12627021123,0.013598975260159962,2659364.5833333335,0.10289384381394603
123364.32372935434,0.0356072589730924,7e+19,1936639.9749909835,104263.12627021123,0.013598975260159962,2707716.6666666665,0.10194880809348199
126384.75619899097,0.03594081807949733,7e+19,1962985.1487952955,104263.12627021123,0.013598975260159962,2756068.75,0.1010375502446745
129415.94608297313,0.036270337732373543,7e+19,1989186.0436236318,104263.12627021123,0.013598975260159962,2804420.8333333335,0.10015839011323222
132457.65380410576,0.03659593847319789,7e+19,2015245.9505775084,104263.12627021123,0.013598975260159962,2852772.916666667,0.09930975854423119
135509.64902290227,0.03691773516374067,7e+19,2041168.0281535026,104263.12627021123,0.013598975260159962,2901125.0,0.09849018818656523
138571.7101360513,0.03723583734938772,7e+19,2066955.30989657,104263.12627021123,0.013598975260159962,2949477.0833333335,0.09769830521053365
141643.62380972362,0.03755034959324925,7e+19,2092610.7114793188,104263.12627021123,0.013598975260159962,2997829.166666667,0.09693282183333539
144725.184544782,0.037861371783871174,7e+19,2118137.037260074,104263.12627021123,0.013598975260159962,3046181.25,0.09619252956102975
147816.19427126047,0.03816899941905238,7e+19,2143536.986366879,104263.12627021123,0.013598975260159962,3094533.3333333335,0.09547629306721787
150916.46196972445,0.03847332386799354,7e+19,2168813.1583494972,104263.12627021123,0.013598975260159962,3142885.416666667,0.09478304463878592
154025.8033173482,0.03877443261376178,7e+19,2193968.058437056,104263.12627021123,0.013598975260159962,3191237.5,0.09411177912770098
157144.04035676565,0.03907240947784679,7e+19,2219004.1024351576,104263.12627021123,0.013598975260159962,3239589.5833333335,0.09346154935526108
160271.0011859049,0.039367334828393774,7e+19,2243923.6212927555,104263.12627021123,0.013598975260159962,3287941.666666667,0.09283146192170016
163406.5196672027,0.03965928577353916,7e+19,2268728.865366164,104263.12627021123,0.013598975260159962,3336293.75,0.09222067337955792
166550.43515473063,0.039948336341128134,7e+19,2293422.0084048626,104263.12627021123,0.013598975260159962,3384645.8333333335,0.09162838673410235
169702.59223788654,0.04023455764596504,7e+19,2318005.1512813373,104263.12627021123,0.013598975260159962,3432997.916666667,0.09105384823829811
172862.84050043966,0.0405180180456359,7e+19,2342480.325485176,104263.12627021123,0.013598975260159962,3481350.0,0.09049634445347161
112907.75991251525,0.03372022709888317,7.375e+19,1699884.7538246962,104263.12627021123,0.013598975260159962,2320900.0,0.10753449479136769
116190.88175316823,0.03409713717053048,7.375e+19,1727072.675014443,104263.12627021123,0.013598975260159962,2369252.0833333335,0.10635761234854343
119488.30433532681,0.034468715613135185,7.375e+19,1754087.1507851826,104263.12627021123,0.013598975260159962,2417604.1666666665,0.10522814674304001
122799.65892239504,0.034835147928706914,7.375e+19,1780932.7988552756,104263.12627021123,0.013598975260159962,2465956.25,0.10414340990436038
126124.59319249608,0.03519660944595462,7.375e+19,1807614.0196279148,104263.12627021123,0.013598975260159962,2514308.3333333335,0.10310091660067275
129462.77021266408,0.035553266076461094,7.375e+19,1834135.0108443305,104263.12627021123,0.013598975260159962,2562660.4166666665,0.1020983652723129
132813.867494792,0.035905275000323686,7.375e+19,1860499.7809532236,104263.12627021123,0.013598975260159962,2611012.5,0.10113362103099124
136177.57612548026,0.03625278528914034,7.375e+19,1886712.161334431,104263.12627021123,0.013598975260159962,2659364.5833333335,0.1002047005414509
139553.59996280225,0.036595938473197906,7.375e+19,1912775.8174972963,104263.12627021123,0.013598975260159962,2707716.6666666665,0.09930975854423094
142941.65489377157,0.03693486905884934,7.375e+19,1938694.25935925,104263.12627021123,0.013598975260159962,2756068.75,0.0984470758131837
146341.46814697215,0.037269705001320645,7.375e+19,1964470.8506972897,104263.12627021123,0.013598975260159962,2804420.8333333335,0.09761504837075469
149752.77765539975,0.03760056813754915,7.375e+19,1990108.817854027,104263.12627021123,0.013598975260159962,2852772.916666667,0.09681217780874603
153175.3314650691,0.03792757458310024,7.375e+19,2015611.2577703744,104263.12627021123,0.013598975260159962,2901125.0,0.0960370625831862
156608.8871854262,0.038250835096738496,7.375e+19,2040981.1454088278,104263.12627021123,0.013598975260159962,2949477.0833333335,0.09528839016956477
160053.2114779774,0.038570455415811146,7.375e+19,2066221.3406240027,104263.12627021123,0.013598975260159962,2997829.166666667,0.09456492997978541
163508.07957992266,0.03888653656524628,7.375e+19,2091334.5945309368,104263.12627021123,0.013598975260159962,3046181.25,0.09386552695498598
166973.27485988964,0.03919917514265465,7.375e+19,2116323.555416176,104263.12627021123,0.013598975260159962,3094533.3333333335,0.09318909575934914
170448.58840315265,0.03950846358175188,7.375e+19,2141190.7742319223,104263.12627021123,0.013598975260159962,3142885.416666667,0.09253461550942717
173933.81862395568,0.03981449039607754,7.375e+19,2165938.709709291,104263.12627021123,0.013598975260159962,3191237.5,0.09190112498161519
177428.77090280643,0.040117340404780225,7.375e+19,2190569.733123093,104263.12627021123,0.013598975260159962,3239589.5833333335,0.09128771824734822
180933.25724677474,0.04041709494205036,7.375e+19,2215086.1327372296,104263.12627021123,0.013598975260159962,3287941.666666667,0.09069354069167287
184447.09597103827,0.040713832051622996,7.375e+19,2239490.1179569834,104263.12627021123,0.013598975260159962,3336293.75,0.09011778537602529
187970.1114000611,0.041007626667627806,7.375e+19,2263783.823211911,104263.12627021123,0.013598975260159962,3384645.8333333335,0.08955968971061147
191502.1335869255,0.04129855078293502,7.375e+19,2287969.3115907228,104263.12627021123,0.013598975260159962,3432997.916666667,0.08901853240574938
195042.99804949755,0.04158667360603748,7.375e+19,2312048.5782476473,104263.12627021123,0.013598975260159962,3481350.0,0.08849363067493388
127095.63893705922,0.03463081786931435,7.75e+19,1680489.3656896977,104263.12627021123,0.013598975260159962,2320900.0,0.10474476626285033
130759.33807455048,0.035013426105185055,7.75e+19,1707257.857740831,104263.12627021123,0.013598975260159962,2369252.0833333335,0.10362586610540013
134438.60129636974,0.035390636403566995,7.75e+19,1733855.75391668,104263.12627021123,0.013598975260159962,2417604.1666666665,0.10255234296060523
138133.02696384327,0.03576263597070876,7.75e+19,1760287.5800649833,104263.12627021123,0.013598975260159962,2465956.25,0.10152162808907925
141842.2313341579,0.03612960178509124,7.75e+19,1786557.650200036,104263.12627021123,0.013598975260159962,2514308.3333333335,0.10053134576919953
145565.8474406732,0.03649170135432255,7.75e+19,1812670.0806849145,104263.12627021123,0.013598975260159962,2562660.4166666665,0.09957929514667782
149303.5240626134,0.03684909340178027,7.75e+19,1838628.8031817228,104263.12627021123,0.013598975260159962,2611012.5,0.09866343412513884
153054.9247755313,0.037201928490805836,7.75e+19,1864437.5765010335,104263.12627021123,0.013598975260159962,2659364.5833333335,0.09778186503203283
156819.72707489383,0.03755034959324925,7.75e+19,1890099.9974651912,104263.12627021123,0.013598975260159962,2707716.6666666665,0.0969328218333352
160597.62156598963,0.037894492608304915,7.75e+19,1915619.5108860736,104263.12627021123,0.013598975260159962,2756068.75,0.09611465870316847
164388.31121409603,0.038234486836843495,7.75e+19,1940999.41874579,104263.12627021123,0.013598975260159962,2804420.8333333335,0.09532583978194574
168191.51064947946,0.03857045541581123,7.75e+19,1966242.8886583273,104263.12627021123,0.013598975260159962,2852772.916666667,0.09456492997978416
172006.94552238027,0.03890251571672389,7.75e+19,1991352.961681175,104263.12627021123,0.013598975260159962,2901125.0,0.09383058670147512
175834.3519036421,0.03923077971181245,7.75e+19,2016332.5595381465,104263.12627021123,0.013598975260159962,2949477.0833333335,0.09312155238586761
179673.47572705397,0.039555354310964394,7.75e+19,2041184.491307722,104263.12627021123,0.013598975260159962,2997829.166666667,0.09243664776668786
183524.072269916,0.03987634167225562,7.75e+19,2065911.4596254665,104263.12627021123,0.013598975260159962,3046181.25,0.09177476577377498
187385.9056686341,0.04019383948855138,7.75e+19,2090516.0664437069,104263.12627021123,0.013598975260159962,3094533.3333333335,0.09113486600410023
191258.74846649278,0.04050794125238888,7.75e+19,2115000.818387244,104263.12627021123,0.013598975260159962,3142885.416666667,0.09051596970072023
195142.38119100773,0.04081873650111389,7.75e+19,2139368.131739792,104263.12627021123,0.013598975260159962,3191237.5,0.08991715518546156
199036.5919585217,0.04112631104403744,7.75e+19,2163620.3370923665,104263.12627021123,0.013598975260159962,3239589.5833333335,0.08933755369767564
202941.17610390563,0.04143074717319369,7.75e+19,2187759.6836816897,104263.12627021123,0.013598975260159962,3287941.666666667,0.0887763455971019
206855.93583342756,0.041732123859118196,7.75e+19,2211788.3434439176,104263.12627021123,0.013598975260159962,3336293.75,0.08823275689380182
210780.67989905237,0.04203051693292676,7.75e+19,2235708.4148066607,104263.12627021123,0.013598975260159962,3384645.8333333335,0.08770605607236659
214715.22329253092,0.04232599925584061,7.75e+19,2259521.926239875,104263.12627021123,0.013598975260159962,3432997.916666667,0.08719555118141285
218659.3869578572,0.04261864087720107,7.75e+19,2283230.839584542,104263.12627021123,0.013598975260159962,3481350.0,0.08670058716253122
142191.39366706437,0.035511196870566704,8.125e+19,1661981.6171679392,104263.12627021123,0.013598975260159962,2320900.0,0.10221529516501039
146257.67210972152,0.035899346635354094,8.125e+19,1688356.8897519698,104263.12627021123,0.013598975260159962,2369252.0833333335,0.10114966878226343
150340.82113052797,0.036282033112566524,8.125e+19,1714564.2021043987,104263.12627021123,0.013598975260159962,2417604.1666666665,0.10012756516969415
154440.40505847975,0.03665944524018789,8.125e+19,1740607.9969022374,104263.12627021123,0.013598975260159962,2465956.25,0.0991465224547341
158556.00765029152,0.037031761668089073,8.125e+19,1766492.509844189,104263.12627021123,0.013598975260159962,2514308.3333333335,0.09820426308040474
162687.23087366053,0.03739915151648755,8.125e+19,1792221.7834236987,104263.12627021123,0.013598975260159962,2562660.4166666665,0.09729867654837046
166833.69378777902,0.03776177506430998,8.125e+19,1817799.6795142796,104263.12627021123,0.013598975260159962,2611012.5,0.09642780409410233
170995.03151172033,0.03811978437520956,8.125e+19,1843229.8908925585,104263.12627021123,0.013598975260159962,2659364.5833333335,0.09558982504371506
175170.8942723569,0.03847332386799357,8.125e+19,1868515.9518087984,104263.12627021123,0.013598975260159962,2707716.6666666665,0.09478304463878554
179360.94652440888,0.03882253083736976,8.125e+19,1893661.2477013292,104263.12627021123,0.013598975260159962,2756068.75,0.09400588314615019
183564.86613601388,0.039167535930191115,8.125e+19,1918669.0241397768,104263.12627021123,0.013598975260159962,2804420.8333333335,0.09325686609550889
187782.3436339163,0.0395084635817518,8.125e+19,1943542.3950720509,104263.12627021123,0.013598975260159962,2852772.916666667,0.0925346155094281
192013.08150299508,0.0398454324161469,8.125e+19,1968284.3504414526,104263.12627021123,0.013598975260159962,2901125.0,0.091837842008743
196256.7935353979,0.04017855561424179,8.125e+19,1992897.763232829,104263.12627021123,0.013598975260159962,2949477.0833333335,0.09116533769197742
200513.20422502395,0.04050794125238887,8.125e+19,2017385.39600014,104263.12627021123,0.013598975260159962,2997829.166666667,0.09051596970072034
204782.04820353538,0.04083369261467965,8.125e+19,2041749.9069222186,104263.12627021123,0.013598975260159962,3046181.25,0.08988867439422957
209063.0697144373,0.041155908481207794,8.125e+19,2065993.855428426,104263.12627021123,0.013598975260159962,3094533.3333333335,0.08928245206629776
213356.02212211877,0.041474683394553444,8.125e+19,2090119.7074316437,104263.12627021123,0.013598975260159962,3142885.416666667,0.08869636214573143
217660.66745303603,0.04179010790646061,8.125e+19,2114129.840202147,104263.12627021123,0.013598975260159962,3191237.5,0.08812951882900898
221976.77596648302,0.042102268806472054,8.125e+19,2138026.5469125262,104263.12627021123,0.013598975260159962,3239589.5833333335,0.08758108709989189
226304.12575263833,0.04241124933410474,8.125e+19,2161812.040880853,104263.12627021123,0.013598975260159962,3287941.666666667,0.0870502790961216
230642.50235578325,0.04271712937598625,8.125e+19,2185488.4595366186,104263.12627021123,0.013598975260159962,3336293.75,0.08653635078801414
234991.69842078123,0.04301998564923097,8.125e+19,2209057.8681316217,104263.12627021123,0.013598975260159962,3384645.8333333335,0.08603859893780391
239351.51336107045,0.043319891872207986,8.125e+19,2232522.2632158888,104263.12627021123,0.013598975260159962,3432997.916666667,0.08555635831213097
243721.7530465799,0.04361691892374019,8.125e+19,2255883.575896829,104263.12627021123,0.013598975260159962,3481350.0,0.0850889991231492
158201.93144716354,0.0363637612781238,8.5e+19,1644296.6871869797,104263.12627021123,0.013598975260159962,2320900.0,0.09991287479482969
162692.89073565698,0.03675730535761583,8.5e+19,1670302.1387279744,104263.12627021123,0.013598975260159962,2369252.0833333335,0.0988964286789456
167202.06961149522,0.03714532181380145,8.5e+19,1696142.0804086355,104263.12627021123,0.013598975260159962,2417604.1666666665,0.0979218088770971
171728.9972567841,0.037528001331898445,8.5e+19,1721820.8790341136,104263.12627021123,0.013598975260159962,2465956.25,0.09698664991631334
176273.22386330235,0.03790552424422095,8.5e+19,1747342.698773079,104263.12627021123,0.013598975260159962,2514308.3333333335,0.09608876286976083
180834.3193155724,0.0382780612908642,8.5e+19,1772711.5145713324,104263.12627021123,0.013598975260159962,2562660.4166666665,0.0952261188918751
185411.87197930424,0.03864577431035039,8.5e+19,1797931.1244160018,104263.12627021123,0.013598975260159962,2611012.5,0.09439683458964479
190005.48758503405,0.039008816867948264,8.5e+19,1823005.160570831,104263.12627021123,0.013598975260159962,2659364.5833333335,0.09359915899297634
194614.7881979168,0.039367334828393705,8.5e+19,1847937.0998881499,104263.12627021123,0.013598975260159962,2707716.6666666665,0.09283146192170083
199239.41126563854,0.039721466878898055,8.5e+19,1872730.273290373,104263.12627021123,0.013598975260159962,2756068.75,0.09209222357576137
203879.00873728187,0.040071345007606625,8.5e+19,1897387.8745028246,104263.12627021123,0.013598975260159962,2804420.8333333335,0.09138002519952097
208533.2462467519,0.04041709494205039,8.5e+19,1921912.9681102438,104263.12627021123,0.013598975260159962,2852772.916666667,0.09069354069167233
213201.80235503006,0.040758836551593895,8.5e+19,1946308.4970010135,104263.12627021123,0.013598975260159962,2901125.0,0.09003152904967045
217884.36784614078,0.04109668421742133,8.5e+19,1970577.2892560998,104263.12627021123,0.013598975260159962,2949477.0833333335,0.08939282755235824
222580.64507219853,0.04143074717319369,8.5e+19,1994722.0645333054,104263.12627021123,0.013598975260159962,2997829.166666667,0.0887763455971019
227290.3473434054,0.041761129819163446,8.5e+19,2018745.4399921254,104263.12627021123,0.013598975260159962,3046181.25,0.08818105911846288
232013.19835926397,0.04208793201222465,8.5e+19,2042649.935799659,104263.12627021123,0.013598975260159962,3094533.3333333335,0.08760600552467125
236748.93167760858,0.042411249334104686,8.5e+19,2066437.980253755,104263.12627021123,0.013598975260159962,3142885.416666667,0.08705027909612212
241497.29021843703,0.042731173339675334,8.5e+19,2090111.9145560437,104263.12627021123,0.013598975260159962,3191237.5,0.08651302679686694
246258.02579974334,0.04304779178714574,8.5e+19,2113673.997264036,104263.12627021123,0.013598975260159962,3239589.5833333335,0.08599344445605478
251030.89870287484,0.043361188851724866,8.5e+19,2137126.4084487665,104263.12627021123,0.013598975260159962,3287941.666666667,0.08549077328130149
255815.67726512402,0.04367144532417564,8.5e+19,2160471.253581784,104263.12627021123,0.013598975260159962,3336293.75,0.08500429667044342
260612.13749747173,0.043978638795540266,8.5e+19,2183710.5671730144,104263.12627021123,0.013598975260159962,3384645.8333333335,0.08453333729198795
265420.062725623,0.04428284382919485,8.5e+19,2206846.3161791037,104263.12627021123,0.013598975260159962,3432997.916666667,0.08407725440788216
270239.2432525924,0.044584132121273455,8.5e+19,2229880.403199912,104263.12627021123,0.013598975260159962,3481350.0,0.08363544141521785
175133.75495049384,0.037190616359160586,8.875e+19,1627375.4225337,104263.12627021123,0.013598975260159962,2320900.0,0.09780978590073428
180071.590292171,0.03758941622981576,8.875e+19,1653032.0600402926,104263.12627021123,0.013598975260159962,2369252.0833333335,0.09683893162342633
185029.03614554973,0.03798262518469903,8.875e+19,1678525.4760723596,104263.12627021123,0.013598975260159962,2417604.1666666665,0.09590834260979211
190005.5854462462,0.03837043566284006,8.875e+19,1703859.9677602518,104263.12627021123,0.013598975260159962,2465956.25,0.09501574091299933
195000.75377098817,0.0387530296822187,8.875e+19,1729039.6335135447,104263.12627021123,0.013598975260159962,2514308.3333333335,0.09415901814859698
200014.07791738305,0.03913057960319629,8.875e+19,1754068.3861158292,104263.12627021123,0.013598975260159962,2562660.4166666665,0.09333621973687042
205045.11459743232,0.03950324882188761,8.875e+19,1778949.9647035836,104263.12627021123,0.013598975260159962,2611012.5,0.0925455308961442
210093.43923378142,0.03987119240115918,8.875e+19,1803687.9457453599,104263.12627021123,0.013598975260159962,2659364.5833333335,0.09178526416177148
215158.6448489583,0.04023455764596506,8.875e+19,1828285.7531233088,104263.12627021123,0.013598975260159962,2707716.6666666665,0.09105384823829787
220240.34103888893,0.04059348462888974,8.875e+19,1852746.6674066926,104263.12627021123,0.013598975260159962,2756068.75,0.09034981801982667
225338.15302298465,0.04094810667105652,8.875e+19,1877073.8343966259,104263.12627021123,0.013598975260159962,2804420.8333333335,0.08967180563664344
230451.72076386824,0.041298550782935074,8.875e+19,1901270.2730120104,104263.12627021123,0.013598975260159962,2852772.916666667,0.08901853240574867
235580.69815056885,0.04164493806905032,8.875e+19,1925338.8825787785,104263.12627021123,0.013598975260159962,2901125.0,0.08838880157943545
240724.75223964892,0.041987384100132266,8.875e+19,1949282.449577661,104263.12627021123,0.013598975260159962,2949477.0833333335,0.08778149180009161
245883.56254926964,0.04232599925584059,8.875e+19,1973103.6538996089,104263.12627021123,0.013598975260159962,2997829.166666667,0.0871955511814132
251056.82040174553,0.04266088904085261,8.875e+19,1996805.0746528578,104263.12627021123,0.013598975260159962,3046181.25,0.0866299919463905
256244.22831052422,0.042992154376791374,8.875e+19,2020389.1955608588,104263.12627021123,0.013598975260159962,3094533.3333333335,0.08608388556126444
261445.49940797582,0.04331989187220796,8.875e+19,2043858.409986376,104263.12627021123,0.013598975260159962,3142885.416666667,0.08555635831213118
266660.3569106824,0.04364419407259346,8.875e+19,2067215.0256133794,104263.12627021123,0.013598975260159962,3191237.5,0.08504658727741549
271888.53361925256,0.04396514969219089,8.875e+19,2090461.2688152366,104263.12627021123,0.013598975260159962,3239589.5833333335,0.0845537966550268
277129.7714499551,0.044282843829194944,8.875e+19,2113599.2887349185,104263.12627021123,0.013598975260159962,3287941.666666667,0.0840772544078814
282383.8209957155,0.04459735816576674,8.875e+19,2136631.1611004244,104263.12627021123,0.013598975260159962,3336293.75,0.08361626919569502
287650.4411142434,0.044908771154147896,8.875e+19,2159558.8917964553,104263.12627021123,0.013598975260159962,3384645.8333333335,0.08317018756463088
292929.39854124386,0.045217158190031775,8.875e+19,2182384.4202113464,104263.12627021123,0.013598975260159962,3432997.916666667,0.08273839136959198
298220.4675268796,0.04552259177423975,8.875e+19,2205109.6223766105,104263.12627021123,0.013598975260159962,3481350.0,0.0823202954067355
192993.00218770117,0.03799362243936146,9.25e+19,1611163.9302073845,104263.12627021123,0.013598975260159962,2320900.0,0.09588268920585372
198399.99716976547,0.03839754758099531,9.25e+19,1636490.7098625773,104263.12627021123,0.013598975260159962,2369252.0833333335,0.09495425760832626
203828.03493511703,0.03879581956777673,9.25e+19,1661656.413629935,104263.12627021123,0.013598975260159962,2417604.1666666665,0.0940646474092724
209276.57108753867,0.03918863259245392,9.25e+19,1686665.2742827449,104263.12627021123,0.013598975260159962,2465956.25,0.09321166060188774
214745.08555225917,0.039576170356062534,9.25e+19,1711521.3294312782,104263.12627021123,0.013598975260159962,2514308.3333333335,0.09239326242589727
220233.08104934005,0.03995860683451711,9.25e+19,1736228.434332338,104263.12627021123,0.013598975260159962,2562660.4166666665,0.09160756624540975
225740.0816894243,0.04033610697505895,9.25e+19,1760790.2736124487,104263.12627021123,0.013598975260159962,2611012.5,0.09085282010155181
231265.6316799969,0.04070882733023131,9.25e+19,1785210.3720172248,104263.12627021123,0.013598975260159962,2659364.5833333335,0.09012739472510191
236809.2941316428,0.04107691663608084,9.25e+19,1809492.1042857338,104263.12627021123,0.013598975260159962,2707716.6666666665,0.08942977282550706
242370.6499549622,0.04144051634045258,9.25e+19,1833638.7042368688,104263.12627021123,0.013598975260159962,2756068.75,0.08875853949878025
247949.29683979927,0.041799761086529,9.25e+19,1857653.273144523,104263.12627021123,0.013598975260159962,2804420.8333333335,0.08811237361879999
253544.84830937532,0.04215477915615082,9.25e+19,1881538.7874696236,104263.12627021123,0.013598975260159962,2852772.916666667,0.08749004009506756
259156.93284264774,0.04250569287691973,9.25e+19,1905298.1060093115,104263.12627021123,0.013598975260159962,2901125.0,0.08689038289577701
264785.19305895054,0.0428526189966253,9.25e+19,1928933.976516981,104263.12627021123,0.013598975260159962,2949477.0833333335,0.08631231874839368
270429.2849595541,0.04319566902813453,9.25e+19,1952449.0418410143,104263.12627021123,0.013598975260159962,2997829.166666667,0.08575483144137735
276088.8772213433,0.04353494956753503,9.25e+19,1975845.845624998,104263.12627021123,0.013598975260159962,3046181.25,0.08521696666042301
281763.6505382507,0.04387056258801327,9.25e+19,1999126.8376076587,104263.12627021123,0.013598975260159962,3094533.3333333335,0.08469782730100296
287453.2970065484,0.044202605711685945,9.25e+19,2022294.3785568932,104263.12627021123,0.013598975260159962,3142885.416666667,0.08419656920614985
293157.5195504526,0.04453117246136556,9.25e+19,2045350.7448687737,104263.12627021123,0.013598975260159962,3191237.5,0.08371239728464994
298876.03138482716,0.04485635249403387,9.25e+19,2068298.1328593022,104263.12627021123,0.013598975260159962,3239589.5833333335,0.08324456197018806
304608.5555120837,0.04517823181761628,9.25e+19,2091138.6627740196,104263.12627021123,0.013598975260159962,3287941.666666667,0.08279235598661917
310354.8242506404,0.045496892992489026,9.25e+19,2113874.3825381487,104263.12627021123,0.013598975260159962,3336293.75,0.0823551113885828
316114.5787925245,0.04581241531900667,9.25e+19,2136507.2712677643,104263.12627021123,0.013598975260159962,3384645.8333333335,0.0819321968502119
321887.5687879405,0.04612487501221359,9.25e+19,2159039.2425606293,104263.12627021123,0.013598975260159962,3432997.916666667,0.08152301517772777
327673.5519548227,0.046434345364790984,9.25e+19,2181472.1475836267,104263.12627021123,0.013598975260159962,3481350.0,0.08112700102439889
211785.4810719568,0.03877443261376187,9.625e+19,1595613.1334087695,104263.12627021123,0.013598975260159962,2320900.0,0.09411177912769961
217684.00287550976,0.039183359872782535,9.625e+19,1620627.2397904706,104263.12627021123,0.013598975260159962,2369252.0833333335,0.09322295249197535
223605.04054271398,0.0395865727883337,9.625e+19,1645482.2890608197,104263.12627021123,0.013598975260159962,2417604.1666666665,0.09237160559243542
229548.0112737704,0.03998426730178322,9.625e+19,1670182.4542426928,104263.12627021123,0.013598975260159962,2465956.25,0.09155561382726803
235512.35831898806,0.040376628790259224,9.625e+19,1694731.7164498195,104263.12627021123,0.013598975260159962,2514308.3333333335,0.09077301009772874
241497.5493427348,0.040763832836729894,9.625e+19,1719133.877439148,104263.12627021123,0.013598975260159962,2562660.4166666665,0.09002197026033976
247503.07491862602,0.041146045929806335,9.625e+19,1743392.5711032,104263.12627021123,0.013598975260159962,2611012.5,0.0893008001853249
253528.4471432027,0.04152342610092834,9.625e+19,1767511.2740116261,104263.12627021123,0.013598975260159962,2659364.5833333335,0.08860792421594607
259573.19835683604,0.0418961235056313,9.625e+19,1791493.3150980235,104263.12627021123,0.013598975260159962,2707716.6666666665,0.08794187485303637
265636.8799618322,0.04226428095476092,9.625e+19,1815341.8845766352,104263.12627021123,0.013598975260159962,2756068.75,0.08730128351398418
271719.06132877804,0.0426280344007866,9.625e+19,1839060.0421636254,104263.12627021123,0.013598975260159962,2804420.8333333335,0.08668487223644389
277819.32878317754,0.04298751338375544,9.625e+19,1862650.724669213,104263.12627021123,0.013598975260159962,2852772.916666667,0.08609144621473122
283937.2846652359,0.04334284144089205,9.625e+19,1886116.7530194246,104263.12627021123,0.013598975260159962,2901125.0,0.085519887071958
290072.54645638575,0.04369413648338956,9.625e+19,1909460.8387597771,104263.12627021123,0.013598975260159962,2949477.0833333335,0.0849691467837399
296224.7459668308,0.04404151114353803,9.625e+19,1932685.590087601,104263.12627021123,0.013598975260159962,2997829.166666667,0.0844382421802096
302393.5285789317,0.04438507309498438,9.625e+19,1955793.5174546998,104263.12627021123,0.013598975260159962,3046181.25,0.08392624996243177
308578.552541789,0.04472492534861415,9.625e+19,1978787.03877774,104263.12627021123,0.013598975260159962,3094533.3333333335,0.08343230217731049
314779.48831281,0.0450611665262762,9.625e+19,2001668.4842898904,104263.12627021123,0.013598975260159962,3142885.416666667,0.08295558210198839
320996.0179424822,0.045393891114339,9.625e+19,2024440.101063924,104263.12627021123,0.013598975260159962,3191237.5,0.08249532049466102
327227.8344989018,0.04572318969885724,9.625e+19,2047104.057233924,104263.12627021123,0.013598975260159962,3239589.5833333335,0.08205079217389623
333474.64152893214,0.04604914918394647,9.625e+19,2069662.4459401246,104263.12627021123,0.013598975260159962,3287941.666666667,0.08162131289299615
339736.1525531897,0.046371852994804466,9.625e+19,2092117.2890191157,104263.12627021123,0.013598975260159962,3336293.75,0.08120623647979076
346012.0905922474,0.04669138126667042,9.625e+19,2114470.540459432,104263.12627021123,0.013598975260159962,3384645.8333333335,0.08080495221566944
352302.1877217289,0.04700781102089093,9.625e+19,2136724.089640788,104263.12627021123,0.013598975260159962,3432997.916666667,0.08041688243055727
358606.18465416343,0.04732121632914812,9.625e+19,2158879.7643735195,104263.12627021123,0.013598975260159962,3481350.0,0.08004148029313296
231516.699468421,0.039534523336136614,1e+20,1580678.3287220662,104263.12627021123,0.013598975260159962,2320900.0,0.0924801289122627
237929.19451842635,0.03994833634112818,1e+20,1605395.4058834047,104263.12627021123,0.013598975260159962,2369252.0833333335,0.0916283867341016
244365.7188097604,0.04035637485257023,1e+20,1629955.3313606014,104263.12627021123,0.013598975260159962,2417604.1666666665,0.09081287240171167
250825.65008027843,0.0407588365515939,1e+20,1654362.2224508617,104263.12627021123,0.013598975260159962,2465956.25,0.09003152904967038
257308.39389436683,0.04115590848120778,1e+20,1678620.007535596,104263.12627021123,0.013598975260159962,2514308.3333333335,0.08928245206629797
263813.3818944642,0.041547767820131254,1e+20,1702732.438399361,104263.12627021123,0.013598975260159962,2562660.4166666665,0.08856387506757828
270340.0701928991,0.041934582586171,1e+20,1726703.1015123504,104263.12627021123,0.013598975260159962,2611012.5,0.08787415741537745
276887.93789043685,0.04231651227680402,1e+20,1750535.428382809,104263.12627021123,0.013598975260159962,2659364.5833333335,0.08721177308303711
283456.4857094806,0.04269370845366711,1e+20,1774232.7050729496,104263.12627021123,0.013598975260159962,2707716.6666666665,0.08657530069981766
290045.2347311723,0.043066315276821386,1e+20,1797798.0809607983,104263.12627021123,0.013598975260159962,2756068.75,0.08596341462955222
296653.725226851,0.043434469993952236,1e+20,1821234.5768209028,104263.12627021123,0.013598975260159962,2804420.8333333335,0.08537487695893574
303281.5155753313,0.043798303389049914,1e+20,1844545.0922885227,104263.12627021123,0.013598975260159962,2852772.916666667,0.08480853028787524
309928.18125836557,0.04415794019458396,1e+20,1867732.4127646906,104263.12627021123,0.013598975260159962,2901125.0,0.08426329122874887
316593.31392746285,0.04451349947072551,1e+20,1890799.2158132794,104263.12627021123,0.013598975260159962,2949477.0833333335,0.0837381445336681
323276.5205359123,0.04486509495476897,1e+20,1913748.0770956764,104263.12627021123,0.013598975260159962,2997829.166666667,0.0832321377793169
329977.4225304929,0.045212835383555715,1e+20,1936581.4758838695,104263.12627021123,0.013598975260159962,3046181.25,0.08274437654789561
336695.6550979021,0.045556824791397374,1e+20,1959301.800188511,104263.12627021123,0.013598975260159962,3094533.3333333335,0.08227402005037765
343430.8664613882,0.04589716278572583,1e+20,1981911.3515347552,104263.12627021123,0.013598975260159962,3142885.416666667,0.08182027714492789
350182.7172235685,0.0462339448024671,1e+20,2004412.3494154715,104263.12627021123,0.013598975260159962,3191237.5,0.0813824027089969
356950.8797517118,0.04656726234292171,1e+20,2026806.9354483667,104263.12627021123,0.013598975260159962,3239589.5833333335,0.08095969432860324
363735.0376021844,0.046897203193758605,1e+20,2049097.1772611162,104263.12627021123,0.013598975260159962,3287941.666666667,0.08055148927254446
370534.8849810205,0.047223851631563424,1e+20,2071285.0721262044,104263.12627021123,0.013598975260159962,3336293.75,0.08015716172303369
377350.1262378594,0.047547288613240875,1e+20,2093372.550365176,104263.12627021123,0.013598975260159962,3384645.8333333335,0.07977612023748862
384180.47539075755,0.04786759195344419,1e+20,2115361.4785401663,104263.12627021123,0.013598975260159962,3432997.916666667,0.07940780541902755
391025.6556795709,0.048184836490090394,1e+20,2137253.66244894,104263.12627021123,0.013598975260159962,3481350.0,0.07905168777571732
